appenzeller cordon bleu zitronenschnitz pommes frit salat,0.018640083386928658
kalbsbratwurst zwiebelsauc rosti salat,0.012751990419374155
zanderfilet bierteig remouladensauc petersilienkartoffeln salat,0.01123284025637045
kalbspiccata tomatensauc spaghetti salat,0.010500986893171586
zanderknusperli tartarsauc salzkartoffeln blattspinat,0.009547359783548825
ghackets rind hornli apfelmus salat,0.008371958927502162
tortillas gefullt sweetcorn roten bohn guacamolesauc salat,0.008205628617684238
schweins-cordon bleu zitronenschnitz country cut salat,0.0066199463307533655
zanderfilet bierteig remouladensauc petersilienkartoffeln broccoli,0.006586680268789781
pouletgeschnetzelt paprikasauc dinkelteigwar romanesco salat,0.006309463085759908
kalbsgeschnetzelt zurcher art champignonsrahmsauc nudeln salat,0.005488900223991485
paniertes schnitzel zitronenschnitz pommes frit karotten-duo,0.005488900223991484
spaghetti bio-rindsbolognes reibkas salat,0.005078618793107273
ausgewogenes grillbuffet bratwurst cervelat dazu div . dips / sauc salat,0.005023175356501297
entrecôte stuck krauterbutt ofengemuse kartoffeln zucchetti salat,0.0049566432325741285
lachs oliven-krautermantel weissweinsauc gemusepilaw salat,0.0048790224213257636
gemuselasagn salat,0.0046905147368654495
paniertes schnitzel zitronenschnitz buure pomm karott,0.00462398261293828
kalbspiccata tomatensauc spaghetti spinat,0.0046018052382958904
bacon sesam-bun burgersauc marinierten zwiebeln cole slaw susskartoffel-pomm salat,0.0045796278636535005
pochierter lach safransauc salzkartoffeln glasierte gurk salat,0.004524184427047526
rindsentrecôte stuck krauterjus ofengemus susskartoffeln salat,0.004435474928477966
schweinsschnitzel thymianjus safranrisotto broccoli salat,0.004413297553835576
riz casimir pouletgeschnetzeltes currysauc fruchtegarnitur reis salat,0.004357854117229603
chicken tandoori poulet basmatireis salat,0.004246967244017653
mediterrane gemuselasagn salat mozzarellaperl,0.004202612494732873
asia pfann rindfleisch peperoni sojasprossen erdnuss salat,0.004191523807411678
tortelli capres basilikumsauc salat,0.004102814308842119
gehacktes rindfleisch hornli reibkas apfelmus salat,0.004069548246878534
raclett cornichon silberzwiebeln salat,0.0038810405624182215
vegetarische capun gemus kase uberback salat,0.003803419751169857
lachsfilet honig zitron mariniert of riso ven zucchetti salat,0.003770153689206272
rotes thaicurry gemus belugalins basmatireis salat,0.003770153689206272
hornli-gemusegratin karott salat,0.003692532877957907
tomat pestosauc salat,0.003659266815994323
poulet-gemusecurry zucchetti basmatireis salat,0.003626000754030738
rindsgeschnetzelt krauterjus dinkelspatzli karotten duo salat,0.003515113880818789
grossmutters hackbrat jus kartoffelstock salat,0.003481847818855204
appenzeller cordon bleu zitron pommes frit salat,0.0034596704442128143
kalbspojarski jus pappardell blattmangold salat,0.003448581756891619
herbsttell spatzli rosenkohl mirza-apfel pilzrahmsauc salat,0.0034042270076068398
lammrack majoranjus rosmarin-bratkartoffeln bohn salat,0.003326606196358475
appenzeller cordon bleu zitronenschnitz vollmond pommes frit blattspinat,0.0033155175090372802
ofenfleischkas senf kartoffel-gurkensalat salat,0.0032489853851101107
tofugeschnetzeltes zurcher art champignon rosti salat,0.0032378966977889157
pizzoccheri kase-sahnesauc landjag wirz salat,0.0032268080104677207
red hot chili popp avocado-papayasalat salat,0.0032157193231465257
tagliatell zitronen-basilikumsauc parmesanspan salat,0.0031935419485041357
gedampftes lachsfilet weissweinsauc dillkartoffeln fenchel salat,0.003182453261182941
pouletbrust sesammantel tandoorisauc basmatireis broccoli salat,0.0031491871992193566
lauchrisotto pinienkern kasespan salat,0.0031380985118981616
schweins cordon bleu appenzeller kas zitronenschnitz pommes frit salat,0.003060477700649797
getrockneten tomat pecorinokas salat,0.0030604777006497967
spatzlipfann wintergemus federkohl bergkas salat,0.003038300326007407
truten saltimbocca salbeijus tomatenrisotto zucchetti salat,0.003038300326007407
pizza verdura zucchetti mozzarella salat,0.0030050342640438226
mediterrane gemuselasagn salat,0.0029939455767226276
bratkugeli champignonsrahmsauc nudeln salat,0.0029939455767226276
pouletoberschenkel basilikumjus basmatireis broccoli salat,0.0029939455767226276
tagliatell spargelragout reibkas salat,0.002982856889401433
pouletbrust limettenjus weissweinrisotto karott salat,0.002982856889401432
spaghetti caponata aubergin tomat salat,0.002960679514759043
pouletnugget zitronenschnitz pommes frit salat,0.002927413452795458
weisses kalbsragout kraut polenta zucchetti salat,0.002894147390831873
kalbsgeschnetzelt eierschwammli rosti salat,0.0028830587035106785
pad thai chick ei gerosteten erdnuss salat,0.002860881328868289
schweins-cordon bleu zitronenschnitz country cut bohn,0.0028497926415470935
maiskrokett salsa verd ratatouillegemus salat,0.002838703954225899
paniertes schnitzel preiselbe country cut salat,0.002827615266904704
geflugel frikasse pilawreis ingw erbsengemus salat,0.0027943492049411194
paniertes schnitzel preiselbe country cut karott,0.0027721718302987294
rindsschmorbrat dorrfruchten schmorsauc bramata polenta gedunstete erbs,0.0027610831429775344
vegi burg vegi-planet-patty pecorino kartoffelwedg salat,0.0027610831429775344
farfall oliven grun schwarz rotes tomatenpesto parmesan salat,0.0027389057683351445
cheese burg burgersauc zwiebeln cornichon sesambun pommes frit salat,0.0027278170810139495
kalbsgeschnetzelt paprikasauc tagliatell bohn salat,0.00268346233172917
gedampfte lachstranch zitronengras-ingwersauc jasminreis pak choi salat,0.0026501962697655854
heilbutt of orangenpfeffer-pistazienkrust kerbelsauc pilawreis kichererbsen-kohlgemus salat,0.002650196269765585
lasagne al forno bolognese rind reibkas salat,0.0026391075824443904
lucky raclette burg rind brioche bun speck burgersauc marinerten zwiebeln cole slaw susskartoffelpomm salat,0.002628018895123196
felchenfilet gebrat tomaten-concassé quinoa spinat salat,0.0026169302078020004
ravioli kurbisfull krauterrahmsauc rucola salat,0.002605841520480806
paniertes schnitzel preiselbe country cut vanille karott,0.0026058415204808054
gedampfte lachstranch weissweinsauc dillkartoffeln broccoli salat,0.0025947528331596104
gefullte aubergin reis peperonata sauerrahmdip salat,0.002572575458517221
sellerie piccata tomatensalsa spaghetti salat,0.002572575458517221
poulet kung pao jasminreis salat,0.002561486771196026
pouletbrust salbeijus gemusereis karott salat,0.002550398083874831
appenzeller cordon bleu zitronenschnitz pommes frit blattspinat,0.0025503980838748304
kase-spazl gemus rostzwiebeln salat,0.0025060433345900513
buddha bowl kichererbs wasabicrem verschiedene salat,0.0025060433345900513
tofu zurcher art champignon rosti salat,0.0024949546472688563
keftedakia griech . rinds- hackfleischballchen minz joghurt-dip griechischer salat salat,0.0024838659599476618
kalbfleischrollch frischkasesauc tagliatell gedampfte tomat salat,0.0024838659599476613
indisches linsen dal gemus jasminreis salat,0.0024505998979840763
ofenschink senfsauc winterliches ofengemus kartoffeln salat,0.0024395112106628818
gehacktes hornli rind apfelmus salat,0.002406245148699297
pizza michelangelo tomat rohschink rucola salat,0.002395156461378102
ravioli verdura pesto-rahmsauc salat,0.0023618903994145173
panierter tofu panko zitronenschnitz susskartoffel-pomm salat,0.0023508017120933223
gegrillter lach rotweinbutt safranrisotto spinat salat,0.0023508017120933223
gebratenes forellenfilet kurkumasauc krauterreis peperonata salat,0.0023397130247721273
kottbullar fleischballchen rahmsauc kartoffelstock preiselbe salat,0.0023397130247721273
currywurst pommes frit salat,0.0023175356501297377
rehgeschnetzelt pilzrahmsauc spatzli marroni rosenkohl speck,0.0022953582754873477
lasagne al forno rindfleisch kase uberback salat,0.002273180900844958
poulet-gemusecurry selleri basmatireis salat,0.002273180900844958
poulardenbrust oreganosauc vollkornrisotto karotten-duo salat,0.002262092213523763
cheese burg burgersauc salat cornichons sesambun susskartoffel pomm salat,0.002251003526202568
zurcher kalbsgeschnetzelt butter-rosti marktgemus,0.0022399148388813736
schweins cordon bleu gefullt taleggio coppa rucolarisotto salat,0.002239914838881373
red thai chicken curry jasminreis wok-gemus,0.0022399148388813728
gemuserosti spiegelei salat,0.002228826151560178
melanzane parmigiano auberginenauflauf polenta salat,0.002228826151560178
mah me wokgemus edamame sojabohn salat,0.0022066487769177886
truten saltimbocca salbei jus tomatenrisotto zucchetti salat,0.002195560089596593
indisches ragout lach papaya wildreis spinat salat,0.002173382714954204
rindfleischballch orientalische gewurzsauc randen-couscous salat,0.002173382714954204
geschnetzelte kalbsleb rosti broccoli,0.0021733827149542037
rainbow bowl susskartoffeln kaki salat,0.002151205340311814
salmragout safransauc basmatireis spinat salat,0.002151205340311814
orient bowl falafel gerostete nuss blumenkohl salat,0.002151205340311814
strangolapreti spinat-brotnock salbeibutt parmesanflock ratatouill salat,0.0021512053403118137
kartoffel-gnocchi gorgonzolasauc salat,0.002140116652990619
kartoffel-marroni- rosenkohlgratin salat,0.002106850591027034
spatzle gratin cremige haselnussspatzl karottenwurfeln kase uberback salat,0.002106850591027034
gebratene dorad zitronenchutney roter quinoa pfalzer brunois spinat salat,0.002106850591027034
anti pasti bowl spinat aubergin artischock zwiebeln verschiedene salat,0.0020957619037058396
kartoffel-lauchrosti rauchlachs sauerrahm-dip salat,0.0020735845290634496
poulet cordon bleu frischkas haselnusspanad krauter-olivenpolenta salat,0.002073584529063449
cheese burg burgersauc salat cornichons sesambun pommes frit salat,0.002073584529063449
flaskstek charlemagn schweinssteak grune bohn kartoffelgratin,0.002073584529063449
grune spargeln polnische art neue kartoffeln salat,0.0020624958417422546
gyros schweinsgeschnetzelt pita-brot gefullt krautsalat tomaten tzatziki salat,0.0020624958417422546
dinkelcremesupp alplermagron landjag gruyère uberback apfelmus salat,0.0020624958417422546
burrito bowl rindfleisch marinierte avocado tomaten salsa salat,0.0020514071544210596
ricotta spinat ravioli salbeibutt parmesan salat,0.0020514071544210596
bio-rindsragout bratkartoffeln salat,0.0020292297797786696
spaghetti kurbiskernpesto parmesansplitt salat,0.0020181410924574746
berliner curry wurst currywurst sauc pommes semmel salat,0.00200705240513628
geschnetzeltes sauli waldpilzsauc rostkrokett broccoli,0.00200705240513628
seelachs  bordelaise  kerbel-dillsauc salzkartoffeln blumenkohl polnische art salat,0.001995963717815085
grillgemus zucchetti humus-joghurt-dip folienkartoffeln salat,0.001995963717815085
mac n chees bergkase uberback rostzwiebeln salat,0.001973786343172695
zurcher ratsherrenpfann kalbfleisch champignons mischgemus salat hopp zuriiiii,0.001973786343172695
forellenfilet gebrat tomaten-concassé hirsotto spinat salat,0.0019626976558515
hacktatschli rahmsauc nudeln karottengemus,0.0019626976558515
geschnetzelte kalbsleb rosti salat,0.0019405202812091105
pouletgeschnetzelt tomaten-wermutsauc tagliatell fenchel salat,0.0019405202812091103
raclett gschwellti maiskolb salat,0.0019294315938879157
vegetarische ravioli gorgonzolasauc salat,0.0019294315938879155
doradenfilet gebrat zitronenschaum quinoa broccoli salat,0.0019294315938879155
erbsen-blumenkohlstroganoff quorn spatzli salat,0.0019294315938879155
tofuragout kartoffeln  orientalische art  salat,0.0019294315938879155
pastetli gemuseragout-champignons- frischkase-full salat,0.001918342906566721
alplermagron verschiedenem gemus bio bergkase uberback rostzwiebeln salat,0.0019072542192455258
kurbis tortelli parmesansauc garniert gerosteten baumnuss kurbiswurfeli salat,0.0019072542192455255
grunes thai curry rindfleisch basmatireis wok-gemus salat,0.001896165531924331
cannelloni ricotta spinat uberbacken tomatensauc kas salat,0.001885076844603136
spaghetti asconeser art kalbfleischstreif champignon geriebener sbrinz salz,0.0018850768446031358
kalbfleischrollch frischkasesauc tagliatell bohn salat,0.001873988157281941
shepherd s pi rindshackfleischragout kartoffelpuree uberback salat,0.0018628994699607462
kalbs cordon bleu gefullt bundnerfleisch kas salattell,0.0018628994699607462
tessiner randenravioli ziegenkas barlauch pesto marinierter rucola salat,0.001862899469960746
burrito gefullt rindshackfleisch guacamole rote bohn salat,0.001862899469960746
vegi burg vegi-planet-patty bergkas kartoffelwedg salat,0.0018518107826395512
grossmutters hackbrat jus kartoffelstock glasierte randenspickel salat,0.0018518107826395512
gefullte aubergin quinoa feta joghurt-gurkendip salat,0.0018407220953183564
limmattaler bratwurst zwiebelsauc rosti salat,0.0018296334079971614
cannelloni ricotta spinat uberbacken tomaten- sauce kas salat,0.0018296334079971614
lachs oliven-krautermantel gemusepilaw salat,0.0018296334079971614
kalbsgeschnetzelt zurcher art nudeln spinat,0.0018185447206759664
blatterteigpastetli bratkugeli rahmsauc salat,0.0018185447206759664
sloppy joe burg pulled pork bbq dip ofen susskartoffel burger beilag salat,0.0018185447206759664
spaghetti al sergio crevett basilikum salat,0.0018074560333547717
chicken tacos poulet peperoni joghurt-chili dip salat,0.0018074560333547715
gebratener tofu sesammantel sweet and soursauc camargue reis salat,0.0018074560333547715
agnolotti alpenkraut huttenkas eierschwammliragout salat,0.0017963673460335767
rindsgeschnetzelt dorrtomaten oliv tagliatell erbs salat,0.0017963673460335765
bio-rindsragout dorrtomaten oliv tagliatell fenchel,0.0017963673460335765
erbsencremesupp moussaka rind/ lamm kartoffel-auberginengratin salat,0.0017852786587123817
power bowl poulet cherry tomat erdbe salat,0.0017852786587123817
poelierter kalbshal oreganojus nusshirs bohnen-gemus salat,0.0017852786587123815
steak jus safran-gemuserisotto salat,0.0017852786587123815
dorsch eimantel weissweinsauc salzkartoffeln fenchel dill salat,0.001774189971391187
farfall rotes tomatenpesto parmesan salat,0.001774189971391187
casablanca bowl couscous granatapfel verschiedene salat,0.0017741899713911867
rindsgeschnetzelt krauterjus dinkelspatzli karotten-pastinaken-gemus salat,0.0017741899713911865
rainbow bowl susskartoffeln kaki verschiedene salat,0.0017631012840699917
pouletbrust zitronen-thymiansauc weissweinrisotto krautstiel salat,0.0017631012840699915
grune spargeln blatterteig gemuserahmsauc salat,0.001752012596748797
lachs-steak teriyaki udon noodl edamame bohn salat,0.001740923909427602
saltimbocca portweinjus kurbisrisotto salat,0.001740923909427602
vegetarisches bami goreng gemuse tofu salat,0.001729835222106407
lammruck majoranjus polenta bohn salat,0.0017187465347852122
spaghetti rotem pesto mediterranem gemus parmesansplitt salat,0.0017076578474640174
zwiebelrostbrat rostzwiebeln spatzli salat,0.0017076578474640172
geflugel frikasse rosti erbsengemus salat,0.0016965691601428224
hirsepuff limetten-dip wildreis hokkaido-kurbis,0.0016743917855004324
spaghetti bolognes rindshackfleisch reibkas salat,0.0016633030981792376
susskartoffel lauch gratin feta mischgemus salat,0.0016633030981792374
erbsencremesuppe+ tagliata di manzo rindssteak geschnitt parmesan-rucola-olivensalat gnocchi salat,0.0016633030981792374
vegi burg sesam bun burgersauc tomat zwiebeln cole slaw susskartoffel-pomm salat,0.0016522144108580426
wildschweinpfeff pizokel rotkraut johannisbeer-birn,0.0016522144108580426
barlauch salsiccia farfalle peperoni fruhlingszwiebeln barlauch-salsiccia salat,0.0016522144108580426
kartoffel-gnocchi spinat cherrytomat gorgonzolasauc salat,0.0016411257235368478
vollkorn pasta gratin erbs uberbacken gruyèrekas salat,0.0016411257235368478
green thai curry rindfleisch jasmin reis gebratener pak-choi salat,0.0016411257235368476
ungarisches bio-rindsgulasch spatzli salat,0.0016411257235368476
rotes tofu-curry litschi broccoli basmatireis salat,0.0016411257235368476
rindsschmorbraten burgunderart burgundersauc mascarpone-polenta sautierte zucchetti rucola pesto,0.0016411257235368474
sautierte lachstranch teriyakisauc basmatireis pak choi salat,0.0016300370362156529
gebratene crevett zitronensauc safran-pilawreis spargelgemus salat,0.0016300370362156529
pochiertes doradenfilet kressesauc wildreis blattspinat salat,0.0016300370362156529
spaghetti al sergio crevett geriebener parmesan salat,0.0016300370362156529
ramen supp poulet ramennudeln ei salat,0.0016189483488944579
kalbsgeschnetzelt zurcher art nudeln salat,0.001607859661573263
pilzgulasch semmelknodel orangen-rotkabissalat,0.001607859661573263
hirschpfeff spatzli rotkraut rosenkohl,0.001607859661573263
jungspinatrisotto cherrytomat gerosteten pinienkern salat,0.0016078596615732629
quorngeschnetzeltes zurcher art rosti salat,0.0016078596615732629
krauterspatzli mediterran parmesangemus salat,0.0016078596615732629
schwabische maultasch krauter sahne sauc mischgemus salat,0.001596770974252068
herbst pizza kurbis gorgonzola oregano salat,0.0015856822869308733
spaghetti miesmuscheln krustentiersauce gemusestreif gegrillte cherrytomat salat,0.001585682286930873
hirschentrecôte wildjus kartoffelgratin cranberry apfel marmelad schwarzwurzeln,0.0015745935996096783
chicken tikka masala marinierte pouletstuck tomat salat,0.001574593599609678
linsencassoulet susskartoffeln ras el hanout parfumreis salat,0.0015635049122884833
pochiertes saiblingsrollch weissweinsauc salzkartoffeln gedunstete erbs salat,0.0015635049122884833
rindsroulad kartoffel-kurbis-stampf kurbiskern majoranjus salat,0.0015524162249672885
roastbeef salsa verd ofenkartoffeln broccoli mandeln salat,0.0015524162249672885
paniertes kotelett bratkartoffeln rahmfisol,0.0015524162249672883
backhendl bratkartoffeln gurkensalat,0.0015524162249672883
kalbspojarski krauterrahmsauc kartoffelstampf karott salat,0.0015524162249672883
gemusemaultasch tomatenrahmsauc blattspinat,0.0015524162249672883
wildhackbrat preiselbeerjus kartoffel kurbis pastinaken stampf rahmwirz,0.0015524162249672883
lachs ravioli krustentiersauc gemusestreif broccoli salat,0.0015413275376460935
rindshohruckensteak café de paris butt salatgarnitur,0.0015413275376460935
pouletbrust zitronen thymiansauc weissweinrisotto karott salat,0.0015413275376460933
blechpizza verdura champignon peperoni buffelmozzarella salat,0.0015413275376460933
lammrack krauterkrust oliventapenad tomaten gnocchi carciofini mini-artischock salat,0.0015413275376460933
pizza del capo san marzano tomat rucola salat,0.0015413275376460933
kefted tzatziki orientalischer cous cous salat,0.0015302388503248988
vollkorn penn cinque p sauc schink tomaten peterli blattmangold salat,0.0015302388503248988
bio-rindsvoress barlauchspatzli romanesco salat,0.0015302388503248986
sparerib kartoffel wedg sourcream kabis salat,0.0015302388503248986
maibock ruckenfilet malanserjus rucola-risotto weisse spargeln salat,0.0015191501630037038
anti pasti bowl spinat aubergin artischock zwiebeln feig salat,0.0015191501630037036
ungar bio-rindsgulasch spatzli salat,0.0015191501630037036
schweinsbrat portweinsauc weisse polenta grune spargeln,0.0015080614756825088
gemusespiessli quark-randen hummus 2-farbiger quinoa salat,0.0015080614756825088
gebratenes schweinefilet eierschwammlirahmsauc pappardell salat,0.0015080614756825088
vegi hackbrat pilzrahmsauc kartoffelstock karott,0.001496972788361314
dinkelcremesupp berner wurstel scharfem senf rosmarin-bratkartoffeln weisskabis-karottengemus,0.001496972788361314
ausgewogenes vegi grillbuffet vegetarischen varianten grill gemus dazu div . dips / sauc salat,0.0014969727883613138
zander gebrat barlauch risotto sesamkarott triemli barlauch salz salat,0.0014969727883613138
arbeiter cordon bleu cervelat speck bundnerkas bratkartoffeln salat,0.0014969727883613138
kalbfleischrollch rosmarinjus polenta bohn salat,0.0014969727883613136
schweinsbratwurst zwiebelsauc rosti salat,0.0014969727883613136
kalbsschnitzel barlauch hollandais fruhlingskartoffeln weisse spargeln,0.001485884101040119
kartoffel-kurbisrosti gebratene waldpilze spiegelei salat,0.0014858841010401188
trutenbrust majoranjus polenta dorrtomat petersilienwurzel salat,0.001474795413718924
gefullte maispoulard gorgonzola zitronenrahmsauc gewurzreis glasierte rand salat,0.001463706726397729
rindssaftplatzli jus gemusejulienn hirsegalett karott salat,0.0014526180390765342
gyudon japanischer rindfleischeintopf udon nudeln salat,0.001452618039076534
kottu roti rindscurry fladenbrot salat,0.001452618039076534
fried rice poulet wokgemus korianderpesto salat,0.0014415293517553393
spargel pizzett rohschink grana padano salat,0.0014415293517553393
kalbsragout eierschwammli kartoffel-sellerie stampf salat,0.001441529351755339
asia bowl lins entenbrust salat,0.001441529351755339
kalbsschnitzel rosmarinjus nudeln vichy karott salat,0.001441529351755339
kalbsragout grosi art gebratene kartoffelgalett gratinierter blumenkohl,0.0014304406644341445
pulled salm bowl kichererbs wasabicrem pulled lach salat,0.0014304406644341443
tofu asiatische art weizennudeln salat,0.0014304406644341443
gebratenes lachssteak dillbutt salatgarnitur,0.0014304406644341443
grossmutters hackbrat jus kurbis-kartoffelstock salat,0.0014304406644341443
gebratenes saiblingsfilet krauterschaumsauc wildreis blattmangold salat,0.0014304406644341443
asia bowl lins bohn rindsschnitzel teriyaki salat,0.0014193519771129493
herr winters dog brioche brot pulled pork rote zwiebeln salat,0.0014082632897917545
chili sin carn susskartoffeln reis salat,0.0013971746024705597
schweinsfiletgeschnetzelt morchelrahmsauc barlauchnudeln fruhlingsgemus,0.0013860859151493647
pytt i panna wurst spiegelei eingelegte rand,0.0013860859151493647
nudelsuppe chinakohl bauernfleischkas kartoffel-gurkensalat pommes frit salat,0.0013860859151493645
panzanella toskanischer tomaten-brotsalat poulet rosmarindressing salat,0.0013749972278281697
thai rindsgeschnetzelt asiagemus limett weizennudeln salat,0.0013749972278281697
rindsgeschnetzelt gruner pfeffersauc lyoner kartoffeln spargel-fruhlingszwiebelgemus,0.001363908540506975
pulled pork burg brioche bun rote zwiebeln maiskolb cole slaw salat,0.001363908540506975
kalbscarré thurgados-sauc krauterspatzli blattspinat salat,0.0013639085405069747
nudelsuppe chinakohl bauernfleischkas senf kartoffel-gurkensalat pommes frit salat,0.00135281985318578
kalb-rindfleischspiess jus polenta petersilienwurzel kraut salat,0.00135281985318578
rindssteak café de paris folienkartoffel sourcream maiskolb salat,0.001341731165864585
leberkas senf-honigsauc bayrischer kartoffelsalat salat,0.001341731165864585
grunes thai curry tofu basmatireis wok-gemus,0.001341731165864585
barlauch spatzli gratin spinat bechamelsauce bergkas rostzwiebeln salat,0.001341731165864585
frango piri-piri pouletschenkel scharfem gemus pilawreis salat,0.0013417311658645847
wurst-kasesalat reichhaltig garniert burli,0.0013417311658645847
rindsragout wurzelgemus spatzli broccoli,0.0013195537912221952
kalbsragout wurzelgemus kartoffelstock salat,0.0013195537912221952
thailandischer rindfleischsalat glasnudeln gemus salat,0.0013195537912221952
sweet n sour pork hoisin sauc asiatische weizennudeln bohn fruhlingszwiebeln salat,0.001319553791222195
gemuserosti raclettekase uberback salat,0.001319553791222195
lammhuftli portweinjus kartoffel-barlauch-stock grune spargeln salat,0.0013084651039010002
trutenschnitzel balsamicojus tomatengnocchi grune spargeln,0.0013084651039010002
spargelrisotto datteltomat sbrinz salat,0.0013084651039010002
prezel s dog laugenbrot gyros tzatziki rostzwiebeln salat,0.0012973764165798052
muschelipasta-gemusegratin karott salat,0.0012862877292586104
maispoulardenbrust balsamicojus venere-risotto geschmorte kirschtomat salat,0.0012862877292586104
schweinsbrat biersauc semmelknodel bayerischkraut,0.0012862877292586104
vollreis-wirzkuchlein orangen-dip karott salat,0.0012751990419374154
trutenspiessli limettensauc cous cous wurzelgemus salat,0.0012641103546162206
vegi nugget feinem liptauer dip pommes frit salat,0.0012641103546162204
pouletschenkelspiessli currysauc gemusereis salat,0.0012641103546162204
rindssiedfleisch gemuse- krautervinaigrett salzkartoffeln wurzelgemus salat,0.0012641103546162204
benediktinereintopf klost einsiedeln kartoffelstock salat,0.0012530216672950257
wurzelgemusestroganoff quorn spatzli salat,0.0012530216672950257
pizza fabrizio tomat chorizo salat,0.0012530216672950257
pouletbrust krauterbutt folienkartoffel sourcream maiskolb salat,0.0012419329799738309
poulardenbrust asiatische art szechuanbutt salatgarnitur,0.0012419329799738307
bauernbratwurst zwiebelsauc rosti salat,0.0012419329799738307
kartoffel-marroni- kurbis-gratin salat,0.0012419329799738307
capuns bundnerfleisch wurzelgemus bergkas salat,0.0012308442926526357
indisches lachsragout wildreis spinat salat,0.0012308442926526357
kalbfleischbolognes casarecc cima di rapa salat,0.0012308442926526357
vegi nugget feinem liptauer dip pommes frit mischgemus,0.0012197556053314407
krautercremesupp asia bowl lins bohn teriyaki verschied salat,0.0012086669180102461
linguine mare e monti krevett eierschwammli pecorino-kas salat,0.001208666918010246
schweinssteak krauterbutt rosmarinkartoffeln ofengemus salat,0.001208666918010246
bayrischer bauernenten keul schokoladensauc kartoffelknodel apfelblaukraut salat,0.001208666918010246
dinkelcremesupp glasierter munchner bierbrat biersauc gratiniertes kartoffelpure gedampfter broccoli parmesan,0.0011975782306890513
dorsch eimantel weissweinsauc reis fenchel salat,0.0011975782306890511
bio-rindsragout bratkartoffeln vanille-karott,0.0011975782306890511
kalbfleischrollch frischkasefull tagliatell gedampfte tomat salat,0.0011864895433678561
gebratene ente asiatische art weizen-nudeln chop suey gemus salat,0.0011864895433678561
fischstabli tartarsauc salzkartoffeln rahmspinat,0.0011864895433678561
schweinsbrustspitz asia sesam chili sauc basmatireis wokgemus,0.0011754008560466613
spargelgratin spatzl zweierlei spargeln ziegenkas salat,0.0011754008560466611
rindsstreif blackbean soya sauc reis gemusemix : broccoli edamam salat,0.0011754008560466611
gebratener tofu sesammantel sweet and soursauc gedampfter reis chinakohl,0.0011643121687254664
lammnierstuck minze-joghurt dip salatgarnitur,0.0011643121687254664
tajine meatball gemus granatapfel-gewurz cous cous tahina minz joghurt salat,0.0011643121687254664
hot pot # fisch pot au feu asiatischem fischsud gemus salat,0.0011643121687254664
gebratenes forellenfilet honig-balsamico lins stangenselleri salat,0.0011532234814042714
piccata milanes spaghetti tomaten-gemusesauc salat,0.0011532234814042714
vollkorn-penn caponata-gemus taleggio sauc salat,0.0011421347940830766
triemli paella poulet safranreis zucchetti salat,0.0011421347940830766
susskartoffelcurry banan limetten-jasminreis salat,0.0011421347940830764
zucchetti piccata tomatensauc penn salat,0.0011421347940830764
coq au vin roug salbei-kartoffelstampf salat,0.0011421347940830764
waadtlander saucisson papet vaudois kartoffel-laucheintopf salat,0.0011310461067618816
gebratener halloumi-kas zucchetti-kartoffelsalat oliven-dip salat,0.0011310461067618814
geschnetzelte rindsleb rostwiebeln rotweinjus kurbisstock salat,0.0011310461067618814
arancini di riso basilikum-tomaten dip gemusesalat salat,0.0011310461067618814
falscher has hackbraten gefullt ei rahmsauc kartoffelgratin erbsen mohrengemus,0.0011199574194406866
tofuragout champignon quinoa salat,0.0011199574194406866
casablanca bowl cous cous minze dip chicken meatball salat,0.0011199574194406866
knusprige schweinshax biersauc schupfnudeln sauerkraut,0.0011199574194406866
vegi burg linsenpatty pecorino kartoffelwedg salat,0.0011088687321194918
rauchlachs pasta linguine norwegischem rauchlach kerbel dill sauc salat,0.0011088687321194918
lammcurry pilawreis pak choi,0.0011088687321194916
vollkornpenn taleggio sauc salat,0.0011088687321194916
paniertes schnitzel pommes frit karott,0.0011088687321194916
choucrute garnie : sauerkraut rippli schinkli kartoffeln senf salat,0.0011088687321194916
pouletbrust steirischer art buntem gemuse kurbiskernol krauterjus rostitaschen krauterquarkfull salat,0.0010977800447982968
vegi burg sesam bun burgersauc marinierten zwiebeln cornichon susskartoffel-pomm salat,0.0010977800447982968
baked potato cheddar kas bean stilton clotted cream salat,0.0010977800447982968
ramen supp poulet ramennudeln salat,0.0010977800447982968
tofuragout champignon pommes frit salat,0.0010977800447982966
pouletragout currysauc reis broccoli mandeln salat,0.0010977800447982966
wildragout sautierte pilz silberzwiebeln glasierte rand schupfnudeln,0.001086691357477102
lammgigot honig-krauter-glasur portweinjus bratkartoffeln spinat,0.001086691357477102
kalbs-rindspiess jus polenta tomaten-zucchettiragout salat,0.0010866913574771018
kurbis creme fraîch salat,0.0010866913574771018
coniglio val bedretto steinpilz merlot-risotto salat,0.001075602670155907
bratkugeli senfsauc kurbisgnocchi kurbiskernol salat,0.001075602670155907
gemuse potpourri champignon nudeln salat,0.001075602670155907
bio-rindsragout dorrtomaten oliv valencianischer reis karott salat,0.0010756026701559068
nasi goreng poulet salat,0.0010756026701559068
farfalle tricolor schink reibkas salat,0.0010756026701559068
gemuse vegi nugget feinem liptauer dip pommes frit salat,0.001064513982834712
gefullte peperoni hirs krautern halloumi salat,0.001064513982834712
spanferkelruck rhabarber chutney spargelrisotto spitzchabis,0.0010645139828347118
kalbsschnitzel grill krauterbutt salatgarnitur,0.001053425295513517
zuger chriesi-bratwurst kartoffel-kopfsalat pommery senf salat,0.001053425295513517
pouletbrust zitronen thymiansauc weissweinrisotto vanille karott salat,0.001053425295513517
paniertes quornschnitzel zitronenschnitz susskartoffel-pomm salat,0.001053425295513517
salmragout safransauc salzkartoffeln spinat salat,0.001053425295513517
rotes thaicurry gemuse belugalins basmatireis salat,0.0010423366081923223
kalbsgeschnetzelt champignonssauc nudeln salat,0.0010423366081923223
pizza tonno tomat thunfisch salat,0.001042336608192322
kwei teow goreng malaysisches nudelgericht rindfleisch chili salat,0.0010312479208711273
erbsen-blumenkohl- stroganoff quorn salzkartoffeln salat,0.001031247920871127
sparerib folienkartoffel sourcream maiskolb salat,0.0010201592335499325
munchner rindssauerbrat semmelknodel rosenkohl salat,0.0010201592335499323
pouletbrust balsamicojus schupfnudeln blumenkohl gratin salat,0.0010201592335499323
lammcurry meldin styl glasierter ananas kokos-zartweiz kefengemus,0.0010090705462287375
mascarpone-risotto fruhlingsgemus reibkas salat,0.0010090705462287375
chorizo tomaten olivensalsa valencianischer reis salat,0.0009979818589075425
ossobuco cremolata pappardell peperonata,0.0009979818589075425
gemuse veggi nugget feinem liptauer dip pommes frit salat,0.0009979818589075425
dicke ripp silberzwiebeln pommes rissole ofenkurbis,0.0009979818589075425
vegi lasagn gefullt blattspinat fetakas salat,0.0009868931715863477
perlhuhnbrust majoranjus lyoner-kartoffeln romanesco salat,0.0009868931715863475
fried ric wokgemus rauchertofu sprossen koriand,0.0009868931715863475
rindsleber portugis art speck bratkartoffeln salat,0.0009868931715863475
pouletgeschnetzelt basilikumsauc vollkornpenn romanesco salat,0.0009758044842651528
ofenguck speck ei salat,0.0009758044842651526
mais triangel karotten-fenchel-feta gemus ofen salat,0.000964715796943958
penne gerostet blumenkohl kap parmesan salat,0.0009647157969439579
landsgmend-steak opfelrosti salat,0.0009647157969439578
thuringer rindfleischroulad jus gemusejulienn tagliatell salat,0.0009647157969439578
geschmortes rindsbaggli portweinreduktion kartoffel-pastinakenstampf marktgemus,0.0009536271096227629
pulled pork maisbrotkuch bunter mexikanischer salat,0.0009536271096227629
emmentaler-lammvoress kartoffelstock karott salat,0.0009536271096227629
emmentaler lammvoress tagliatell glasierte randenspickel salat,0.0009536271096227628
rindfleischballch mediterraner jus krauter-kartoffelstampf kohlrabi salat,0.0009425384223015679
alpstein perlhuhnbrust majoranjus lyoner-kartoffeln romanesco salat,0.0009425384223015679
schweins-saltimbocca jus safranrisotto broccoli salat,0.000931449734980373
tessiner luganigh merlotjus trevisano-risotto radicchio salat,0.000931449734980373
strangolapreti spinat-brotnock salbei-butt parmesan-flock caponata salat,0.0009203610476591781
hirsepuff jogurt-krauter-dip wildreis hokkaido-kurbis,0.0009203610476591781
kalbs pojarski jus kartoffelgratin kohlrabi kraut,0.0009092723603379832
focaccia olivenol meersalz guacamol rucola salat,0.0009092723603379832
kartoffelgnocchi pilzrahmsauc reibkas salat,0.0009092723603379832
coq au riesling rostgemus spatzli salat,0.0009092723603379832
schweins-saltimbocca jus ebly federkohl salat,0.000909272360337983
elsasser quiche lorrain speck lauch salattell,0.0008981836730167882
chili con carn rindfleisch eintopf kidney bohn mais koriand krauterbaguett salat,0.0008870949856955933
rigatoni salsiccia cherrytomat thymian knoblauch parmesan salat,0.0008870949856955933
gefullte kalbsbrust honig-senfsauc kartoffelkrokett federkohl,0.0008870949856955933
barlauchrisotto pinienkern kasespan salat,0.0008760062983743986
crêpes champignonsfull salat,0.0008760062983743985
bio-rindsragout dorrtomaten oliv tagliatell karott salat,0.0008760062983743984
heilbutt of pistazienkrust kerbelsauc pilawreis kichererbsen-kohlgemus salat,0.0008760062983743984
adrio rahmsauc teigwar mischgemus salat,0.0008760062983743984
kalbsgeschnetzelt champignonssauc vollkornnudeln romanesco salat,0.0008760062983743984
bubble and squeak spinat salat,0.0008649176110532037
wurzelgemuse-stroganoff quorn spatzli salat,0.0008649176110532036
krauter crêp gemuse à la crèm sautierte pilz salat,0.0008649176110532036
kalbsgeschnetzelt paprikasauc griessschnitt bohn salat,0.0008649176110532036
selleriecremesupp pizza prosciutto e funghi tomat schink salat,0.0008649176110532035
spaghetti alla puttanesca sardellenfilet kap geriebener pecorino salat,0.0008649176110532035
polvo à lagareiro tintenfisch oliv knoblauch ofenkatoffeln salat,0.0008649176110532035
pouletschenkel-spiess zitronenthymiansauc weissweinrisotto romanesco salat,0.0008649176110532035
bundner pizokel salsiz rahm savogniner bergkas salat,0.0008649176110532035
trutenbrat rosmarinrahmsauc schupfnudeln romanesco,0.0008649176110532035
salat poulardenbrust oreganosauc vollkornrisotto karotten-duo salat,0.0008538289237320087
rindsentrecôt krauterjus neue kartoffeln grune spargeln salat,0.0008538289237320086
gemusespiessli krauter-quark-dip bunter quinoa salat,0.0008538289237320086
gefullte peperoni hirs krautern feta salat,0.0008538289237320086
ossobuco cremolata rosmarin-polenta ratatouill,0.0008538289237320086
bouchée a la rein geflugelragout pastetli kartoffel-lauchgemus,0.0008538289237320086
barlauch quich bundnerfleisch salat,0.0008427402364108138
fenchel-risotto pinienkernen cremolata salat,0.0008427402364108137
pouletschenkelspiessli currysauc gemusereis romanesco salat,0.0008427402364108136
schweinsschnitzel thymianjus safranrisotto federkohl salat,0.0008427402364108136
eglifilets gebrat zitronenschaum quinoa broccoli salat,0.0008427402364108136
pizza verdura salat,0.0008316515490896187
masaman-thaicurry kichererbsen- peperonieintopf pilawreis salat,0.0008205628617684239
indisches zanderragout papaya wildreis spinat salat,0.0008094741744472289
bangers and mash chipolata kase senf erbsen minze biersauc salat,0.0008094741744472289
ossobuco cremolata rosmarin-polenta ratatouill salat,0.0008094741744472289
quorngeschnetzelt pilzrahmsauc rostikorbli mischgemus,0.0008094741744472289
spaghetti tricolor raucher tofu-linsen bolognes pecorino kas salat,0.0008094741744472288
spaghetti tricolor gemuse-carbonarasauc salat,0.000798385487126034
gebratenes forellenfilet kurkumasauc krauterreis spinat salat,0.0007872967998048392
quesadogas tortilla wrap tomatensalsa chilicheesesauc mexikanisches maisgemus salat,0.000787296799804839
gemuselasagn spinat ricotta salat,0.000787296799804839
gefullte peperoni hirs krautern halumi salat,0.0007762081124836442
focaccia tomat peperoni gerauchertem scamorza salat,0.0007762081124836442
banh mi vietnamesisches sandwich schweinebauch chili mayo mariniertem gemus salat,0.0007651194251624493
kalbsinvoltini thymiansauc rostikrokett schwarzwurzeln mimosa,0.0007651194251624493
dampfnudeln vanillesauc,0.0007651194251624493
kalbsragout grossmutter art pilz backerinnen kartoffeln blumenkohl,0.0007651194251624493
pouletgeschnetzelt zitronenrahmsauc jasminreis blattspinat,0.0007540307378412544
fischroulade lach dillsauc dampfkartoffeln broccoli salat,0.0007540307378412544
gemusestrudel kohlrabigemuse à la crèm truffel dip salat,0.0007540307378412544
krautercremesupp rinds tatar salatgarnitur toast butt,0.0007540307378412543
focaccia oregano gefullt rohschink datteltomat zucchetti mozzarella salat,0.0007540307378412543
shqip dog brioche brot vegi cevapcici ajvar petersili salat,0.0007540307378412543
feijoada d feiijão vermelho kabis karott salat,0.0007540307378412543
mais triangel feta-gemuse of kurbis salat,0.0007540307378412543
blut leberwurst salzkartoffeln sauerkraut senf,0.0007429420505200595
pastetli morchel-saitanfull salat,0.0007318533631988645
kaninchen jager art tomaten-oliven-ragout weisse polenta fruhlingsgemus salat,0.0007318533631988645
gebratener halloumi mango chutney ofenkartoffeln rand salat,0.0007318533631988645
masaman-thaicurry paneer gemus pilawreis salat,0.0007318533631988645
rehgeschnetzelt preiselbeerrahmsauc rostikrokett rotkohl,0.0007207646758776696
vollreis-wirzkuchlein krauter-dip karott salat,0.0007207646758776695
schweinsschnitzel paprikasauc spatzli romanesco salat,0.0007096759885564747
rippli linsencassoulet wurzelgemus,0.0007096759885564747
brasato merlotsauc bratkartoffeln kef,0.0007096759885564746
gefullter tintenfisch reis tomaten-olivensauc briam-gemus salat,0.0007096759885564746
schweinsbrat krauterjus kartoffelstampf romanesco,0.0007096759885564746
gebratenes dorade royal filet peperonicoulis wildreis glasierte kohlrabistabch salat,0.0006985873012352797
trutenschnitzel balsamicojus gnocchi salat,0.0006985873012352797
waadtlander saucisson triemlisenf papet vaudois laucheintopf salat,0.0006985873012352797
wolfsbarsch kerbelsauc tomaten-olivenbulgur spinat salat,0.0006985873012352797
spanisch kartoffelkuch ei gemus salat,0.0006985873012352796
frutti di mar noillyprat sauc spinatnudeln salat,0.0006874986139140849
triemli paella meeresfruchten poulet safranreis krauterol salat,0.0006874986139140849
chicorée-piccata tomatensauc fusilli salat,0.0006874986139140849
blechpizza verdura sugo mozzarella salat,0.0006874986139140848
gebratenes doradenfilet limettensauc roter quinoa pfalzer brunois spinat salat,0.00067640992659289
kaldomar kabiswickel hackfleisch jus salzkartoffeln preiselbe,0.0006764099265928899
tajine pouletmeatball gemus granatapfel-gewurz cous cous tahina-minz-joghurt salat,0.0006653212392716951
dorsch saltimbocca jus salzkartoffeln fenchel dill salat,0.0006653212392716951
rindsgeschnetzelt jus gemusejulienn hirsegalett karott salat,0.0006653212392716951
tagliatell caponatagemus reibkas salat,0.000665321239271695
pastetli gemuseragout quorn salat,0.0006542325519505002
focaccia tomat gefullt cima di rapa leicht pikant tomat pecorino salat,0.0006542325519505001
paniertes schnitzel zitronenschnitz pommes frit vichy karott,0.0006542325519505001
rindsgeschnetzelt polenta kohlrabi petersili salat,0.0006542325519505001
quorngeschnetzelt rosmarinrahmsauc spiral salat,0.0006542325519505001
anti pasti gemusetell rucolabeet parmesanflock oliven-ciabatta,0.0006542325519505
pouletspiessli calvadossauc griessgnocchi bohnenbundel,0.0006431438646293052
pizza verdur frischkas peperoni champignons mozzarella salat,0.0006431438646293051
rindsschmorbrat schmorsauc polenta wirz à la crèm,0.0006431438646293051
arta gryta schwedischer erbseneintopf karott majoran selleri,0.0006320551773081103
krautercremesupp cozido à portuguesa portugisischer rindfleisch- eintopf gemus kartoffeln salat,0.0006320551773081102
karotten-kokos curry pilawreis salat,0.0006320551773081102
pochiertes saiblingsrollch weissweinsauc wildreis fenchel salat,0.0006209664899869153
wurzelgemuse stroganoff quorn reis erbs,0.0006209664899869153
kalbsbrat jus kartoffelstock romanesco salat,0.0006098778026657203
spaghetti tomatensauc reibkas salat,0.0005987891153445256
linsen dahl peperoni-gemus naanbrot salat,0.0005987891153445256
schweinssteak morchelsauc griessgnocchi kef,0.0005987891153445256
masaman-thaicurry kichererbsen-peperonieintopf pilawreis salat,0.0005987891153445256
kurbisravioli taleggiosauc salat,0.0005987891153445256
fleischvogel estragonjus kurbis-kartoffelstampf,0.0005877004280233306
kartoffel-gemusegratin salat,0.0005766117407021357
rosti-pizza gemus champignon salat,0.0005655230533809408
dahl roten lins gemus basmatireis salat,0.0005655230533809408
kurbis-hirsotto kurbispesto parmesanspan salat,0.0005655230533809408
schweizer militar chas-schnitt gemusesalat,0.0005544343660597459
trutenschnitzel balsamicojus gnocchi blattspinat salat,0.0005433456787385509
klassik dog brioche brot hot dog wurst danische gurk ketchup senf salat,0.0005433456787385509
tajine pouletmeatball gemus granatapfel-gewurz-cous cous tahina minz joghurt salat,0.0005433456787385509
rosti capres tomat scamorza gratiniert salat,0.000532256991417356
rindfleischballch mediterraner jus krauter-kartoffelstampf krautstiel salat,0.000532256991417356
spargelrisotto verfeinert gorgonzola geschmorten kirsch-tomat salat,0.000532256991417356
geschmorte schweinskopfbaggli polentaschnitte eierschwammli rosenkohl,0.0005322569914173559
paniertes schnitzel zitronenschnitz pommes frit karott,0.0005322569914173559
rindsschmorbrat bulgur-pilaw broccoli,0.000521168304096161
pouletoberschenkel oliven-balsamicojus penn broccoli,0.0005100796167749663
gebratenes zanderfilet rucolasauc tomaten-pilawreis blumenkohl salat,0.0005100796167749663
kalbsschnitzel krauterjus herzoginkartoffeln romanesco salat,0.0005100796167749661
erbsen-blumenkohl- stroganoff quorn spaghetti salat,0.0004989909294537713
roastbeef krauterjus herzoginkartoffeln schwarzwurzeln salat,0.0004989909294537713
schweinssteak krauterbutt folienkartoffel sourcream maiskolb salat,0.0004879022421325763
zucchetti-piccata tomatensalsa safranrisotto salat,0.00047681355481138144
couscous gemusetajin kichererbs salat,0.00047681355481138144
alplermagron speck apfelmus salat,0.00046572486749018644
gemuse-pilzragout blatterteigpastetli salat,0.0004546361801689916
schweinsschnitzel rosmarinjus ebly stangenselleri salat,0.0004546361801689916
kalbsbrat steinpilzsauc kartoffelgratin erbsli ruebli salat,0.0004435474928477967
focaccia oliv zucchetti gefullt bresaola tomaten basilikum salat,0.0004435474928477967
pouletschenkel-spiess krauterjus penn petersilienwurzel kraut salat,0.00044354749284779667
spanische tortilla eierkuchen mediterran gemus salat,0.0004435474928477966
tijuana steak sandwich rindsentrecôt tomaten koriander salsa avocadotatar salat,0.0004324588055266018
linsencassoulet susskartoffeln ras el hanout reis salat,0.0004324588055266018
pouletoberschenkel oliven-balsamicojus fusilli federkohl,0.00043245880552660173
gemusemedaillon kohlrabi-kartoffelragout barlauchpesto salat,0.0004213701182054069
baeckeoff kartoffel-fleischeintopf salat,0.00042137011820540685
tomatenrisotto verfeinert mascarpon gebratenen aubergin salat,0.00042137011820540685
pastetli morchel-gemuseragout salat,0.00042137011820540685
vegi-ballch rahmsauc spiral rosenkohl salat,0.00041028143088421196
pouletspiessli barlauchsauc ofenkartoffeln bohnenbundel,0.0004102814308842119
kurbis wirz curry bohn parfumreis salat,0.00039919274356301697
kartoffel-birnen- pastinakengratin salat,0.00039919274356301697
schweins-saltimbocca madeirasauc safranrisotto kohlrabi,0.00039919274356301697
pastetli gemuseragout quorn broccoli salat,0.00038810405624182214
schweinsbrat krauterjus kartoffelgratin grune bohn,0.0003881040562418221
gebratene glasnudeln gemus salat,0.0003881040562418221
entrecôt béarnaise sauc kartoffel-wurzelgemus ofen salat,0.00038810405624182203
zucchetti piccata tomatensauc kartoffelstampf kraut salat,0.00038810405624182203
lammrack provenzalischer sauc griessgnocchi bohnenbundel salat,0.0003770153689206272
rindsgeschnetzelt rotweinjus rosmarin-susskartoffelstampf glasierte kohlrabi salat,0.00036592668159943226
kalbfleischrollch thymiansauc rostikrokett schwarzwurzeln mimosa,0.00036592668159943226
lammrack provenzalischersauc griessgnocchi bohnenbundel salat,0.00036592668159943226
zanderfilet kerbelsauc gemusereis selleriepure salat,0.00036592668159943226
rindssiedfleisch gemuse-krautervinaigrett salzkartoffeln wurzelgemus salat,0.00035483799427823737
linguine alla norma nudeln tomatensugo aubergin pecorinoflock salat,0.00035483799427823737
asia pfann rindfleisch karott erdnuss salat,0.0003548379942782373
lammrack provenzalischer sauc griessgnocchi kef salat,0.0003548379942782373
schweins-saltimbocca madeirasauc safranrisotto krautstiel,0.0003548379942782373
kalbsschulterbrat rosmarinsauc casareccia grune spargeln,0.00034374930695704243
glasiert bio-kalbsbrat thymianjus kartoffelgratin romanesco,0.00034374930695704243
kalbsbrat jus kartoffelstampf glasierter kurbis rosmarin salat,0.00034374930695704243
schweinssteak morchelsauc pizokel kohlrabi,0.00034374930695704243
roastbeef krauterjus dinkelteigwar schwarzwurzeln salat,0.00033266061963584755
vegi-ballch rahmsauc spiral rosenkohl,0.00033266061963584755
lammrack provenzalischer sauc griessgnocchi glasierte kohlrabi salat,0.0003326606196358475
kalbssteak morchelsauc griessgnocchi grune bohn,0.0003326606196358475
gebackener tomme vaudois preiselbeeren-kompott knackiger gemusesalat salat,0.0003215719323146526
entenbrust gluhweinjus schupfnudeln rotkohl salat,0.0003215719323146526
gefullter spargelpfannkuch gruyère kas ruebligemus salat,0.0003215719323146526
schweinsschnitzel krauterjus krawattli fenchel salat,0.0003215719323146526
penne all arrabbiata tomaten-chili-peperoniragout parmesankas salat,0.00032157193231465255
rauchlachs tell lolloblatter meerrettich-dip kaisersemmel,0.00032157193231465255
geflugel frikassee estragon camargue reis roter reis glasierte karott,0.00031048324499345767
kartoffelgnocchi jungspinat fruhlingszwiebeln sauerrahmsauc salat,0.0002993945576722628
palak pane indisches curry frischkas spinat basmatireis salat,0.00028830587035106784
kalbs pojarski jus bratkartoffeln karott,0.00028830587035106784
chili sin carne quorn guacamol krauter-baguett salat,0.00028830587035106784
schweinssteak morchelsauc pizokel glasierte kohlrabi,0.000266128495708678
couscous auflauf rosenkohl feta salat,0.000266128495708678
glasierter bio-kalbsbrat thymianjus kartoffelgratin romanesco,0.000266128495708678
paprika zucchini eintopf weissen bohn kartoffeln salat,0.000266128495708678
penne all arrabbiata tomaten-chili-peperonisauc parmesankas salat,0.000266128495708678
schweinsbratwurst zwiebelsauc rosti federkohl,0.000266128495708678
trutenbrust majoranjus polenta blumenkohl salat,0.00025503980838748313
zucchettipiccata tomatensauc safranrisotto salat,0.00025503980838748313
eierschwammli-ragout griessgnocchi mirza apfel rosenkohl salat,0.00025503980838748313
pochiertes saiblingsfilet weissweinsauc wildreis grune spargeln salat,0.0002550398083874831
bio-kalbskarréebrat morchelsauc tagliatell glasierte kohlrabi,0.0002550398083874831
gemusetajine kichererbs couscous salat,0.0002439511210662882
kalbsschulterbrat morchelsauc tagliatell blumenkohl,0.00024395112106628816
asia pfann pouletfleisch karott erdnuss salat,0.00023286243374509328
bio-kalbskarreebrat morchelsauc tagliatell blumenkohl,0.00023286243374509328
chili con verdura mais-galett salat,0.00023286243374509325
glasierte kalbsschult thymiansauc kartoffelgratin kohlrabi,0.00023286243374509322
chicorée piccata tomatensalsa safranrisotto salat,0.00022177374642389836
randenrisotto kasespanen pistazi salat,0.00022177374642389836
gemuse tajiin trockenfrucht pilaw salat,0.00022177374642389836
nasi goreng poulet asiatisches reisgericht salat,0.00022177374642389834
panierter saitling zitronenschnitz kartoffelgratin salat,0.00022177374642389834
grune spargeln mailander art spiegelei parmesanflock salat,0.00021068505910270342
kalbsbrat cognac-rahmsauc krawattli fenchel,0.00021068505910270342
schweins-saltimbocca madeirasauc kartoffelstampf kraut kohlrabi,0.00021068505910270342
lammrack provenzalische sauc griessgnocchi glasierte kohlrabi salat,0.0002106850591027034
glasierter bio-kalbsbrat thymianjus spatzli romanesco,0.0002106850591027034
schweinsschnitzel rosmarinjus ebly federkohl salat,0.0001995963717815085
linsen dahl grunen bohn naanbrot salat,0.00019959637178150848
penne all arrabiata tomaten-chili-peperoniragout parmesankas salat,0.0001885076844603136
rindsvoress spatzli rosenkohl salat,0.00017741899713911869
pochiertes heilbuttfilet tomatenfond dampfkartoffeln safranfenchel salat,0.00017741899713911866
gratinierte spatzlipfann karott lauch bergkas salat,0.00016633030981792377
butternusskurbis-piccata tomatensauc tagliatell salat,0.00016633030981792377
pochiertes ei truffelsauc kartoffelstock rahmspinat belperknoll salat,0.00016633030981792375
pochiertes zanderfilet gruner krautersauc salzkartoffeln glasierte kohlrabi salat,0.00016633030981792375
kalbsbrat cognac-rahmsauc kartoffelgratin fenchel,0.00016633030981792375
spargeln hollandais neuen kartoffeln salat,0.00015524162249672883
salat lammrack provenzalischer sauc pilawreis bohnenbundel,0.00014415293517553392
salat schweinsschnitzel tomatenrahmsauc casareccia grune spargeln,0.000133064247854339
blatterteigpastetli spargel-morchelragout salat,0.000133064247854339
safranrisotto grillierte zucchetti nusslipesto salat,0.000133064247854339
gefullter kurbis reis kichererbs salat,0.0001219755605331441
brasato merlotsauc polenta rahmwirz,0.00012197556053314408
glasierte kalbsschult thymiansauc kartoffelgratin kohlrabi petersili,9.979818589075426e-05
gemuse tajiin trockenfrucht pilawreis salat,8.870949856955934e-05
vegi hackbrat jus susskartoffelstampf erbsli ruebli,7.762081124836442e-05
blumenkohl-kartoffel-curry koriand zitronengras pilawreis salat,6.65321239271695e-05
quornschnitzel morchelsauc basmatireis salat,5.544343660597458e-05
